"DOClass"	"Disease"	"DiseaseClass"	"EvidenceIndexGDA"	"EvidenceLevelGDA"	"FirstRef"	"Gene"	"GeneDPI"	"GeneDSI"	"GeneFullName"	"GenePLI"	"HPOClass"	"LastRef"	"NumDiseasesAssociatedToGene"	"NumGenesDisease"	"NumPMIDs"	"NumVariantsAssociatedToGene"	"NumVariantsDisease"	"NumVariantsGDA"	"PathwayIDs"	"PathwayNames"	"ProteinClass"	"ScoreGDA"	"SemanticType"	"Type"	"UnitProt"	"diseaseUMLSCUI"	"geneEnsemblIDs"	"geneNcbiID"	"geneNcbiType"	"numCTs"	"numChemsIncludedInEvidences"	"numPMIDSWithChemsIncludedInEvidences"
"disease of anatomical entity (7)"	"Amyotrophic Lateral Sclerosis"	"Nervous System Diseases,Nutritional and Metabolic Diseases"	"0.9300567107750473"	""	"1993"	"SOD1"	"0.96"	"0.34"	"superoxide dismutase 1"	"0.011954"	"Abnormality of the nervous system (00707)"	"2022"	"90"	"127"	"54"	"133"	"229"	"6"	"R-HSA-109582,R-HSA-168256,R-HSA-8953897"	"Hemostasis,Immune System,Cellular responses to stimuli"	"Enzyme"	"1.0"	"Disease or Syndrome (T047)"	"disease"	"V9HWC9,P00441"	"C0002736"	"ENSG00000142168"	"6647"	"protein-coding"	"15"	"153"	"512"
"disease of anatomical entity (7)"	"Amyotrophic Lateral Sclerosis"	"Nervous System Diseases,Nutritional and Metabolic Diseases"	"0.9838709677419355"	""	"1993"	"NEFH"	"0.88"	"0.51"	"neurofilament heavy chain"	"1.3226E-22"	"Abnormality of the nervous system (00707)"	"2022"	"9"	"127"	"28"	"20"	"229"	"3"	""	""	""	"1.0"	"Disease or Syndrome (T047)"	"disease"	"P12036"	"C0002736"	"ENSG00000100285"	"4744"	"protein-coding"	"9"	"1"	"1"
"disease of anatomical entity (7)"	"Amyotrophic Lateral Sclerosis"	"Nervous System Diseases,Nutritional and Metabolic Diseases"	"0.9328743545611016"	""	"1993"	"FUS"	"0.88"	"0.45"	"FUS RNA binding protein"	"1.0"	"Abnormality of the nervous system (00707)"	"2020"	"15"	"127"	"15"	"162"	"229"	"5"	"R-HSA-8953854"	"Metabolism of RNA"	"Nucleic acid binding"	"1.0"	"Disease or Syndrome (T047)"	"disease"	"A0AAQ5BIG2,Q6IBQ5,P35637,Q13344"	"C0002736"	"ENSG00000089280"	"2521"	"protein-coding"	"4"	"20"	"23"
"disease of anatomical entity (7)"	"Amyotrophic Lateral Sclerosis"	"Nervous System Diseases,Nutritional and Metabolic Diseases"	"0.9502446982055465"	""	"2008"	"TARDBP"	"0.88"	"0.47"	"TAR DNA binding protein"	"1.0"	"Abnormality of the nervous system (00707)"	"2018"	"13"	"127"	"13"	"123"	"229"	"5"	""	""	""	"1.0"	"Disease or Syndrome (T047)"	"disease"	"Q9H256,Q13148"	"C0002736"	"ENSG00000120948"	"23435"	"protein-coding"	"15"	"40"	"60"
"disease of anatomical entity (7)"	"Amyotrophic Lateral Sclerosis"	"Nervous System Diseases,Nutritional and Metabolic Diseases"	"1.0"	""	"1993"	"CFAP410"	"0.71"	"0.59"	"cilia and flagella associated protein 410"	"1.7475E-6"	"Abnormality of the nervous system (00707)"	"2022"	"9"	"127"	"9"	"33"	"229"	"2"	""	""	""	"1.0"	"Disease or Syndrome (T047)"	"disease"	"O43822"	"C0002736"	"ENSG00000160226"	"755"	"protein-coding"	"0"	"1"	"1"
"disease of anatomical entity (7)"	"Amyotrophic Lateral Sclerosis"	"Nervous System Diseases,Nutritional and Metabolic Diseases"	"0.8958333333333334"	""	"1993"	"SQSTM1"	"0.92"	"0.44"	"sequestosome 1"	"3.2597E-11"	"Abnormality of the nervous system (00707)"	"2014"	"20"	"127"	"7"	"259"	"229"	"3"	"R-HSA-162582,R-HSA-1643685,R-HSA-168256,R-HSA-392499,R-HSA-8953897,R-HSA-9612973"	"Signal Transduction,Disease,Immune System,Metabolism of proteins,Cellular responses to stimuli,Autophagy"	""	"1.0"	"Disease or Syndrome (T047)"	"disease"	"Q13501"	"C0002736"	"ENSG00000161011"	"8878"	"protein-coding"	"1"	"2"	"3"
"disease of anatomical entity (7)"	"Amyotrophic Lateral Sclerosis"	"Nervous System Diseases,Nutritional and Metabolic Diseases"	"0.9478672985781991"	""	"2013"	"C9orf72"	"0.75"	"0.5"	"C9orf72-SMCR8 complex subunit"	"0.0018894"	"Abnormality of the nervous system (00707)"	"2017"	"17"	"127"	"6"	"44"	"229"	"2"	""	""	""	"1.0"	"Disease or Syndrome (T047)"	"disease"	"Q96LT7"	"C0002736"	"ENSG00000147894"	"203228"	"protein-coding"	"12"	"12"	"12"
"disease of anatomical entity (7)"	"Amyotrophic Lateral Sclerosis"	"Nervous System Diseases,Nutritional and Metabolic Diseases"	"0.9333333333333333"	""	"1993"	"ATXN2"	"0.88"	"0.47"	"ataxin 2"	"1.0"	"Abnormality of the nervous system (00707)"	"2017"	"9"	"127"	"5"	"29"	"229"	"2"	""	""	"Nucleic acid binding"	"1.0"	"Disease or Syndrome (T047)"	"disease"	"Q2M2R5,F8VQP2,Q99700"	"C0002736"	"ENSG00000204842"	"6311"	"protein-coding"	"1"	"6"	"6"
"disease of anatomical entity (7)"	"Amyotrophic Lateral Sclerosis"	"Nervous System Diseases,Nutritional and Metabolic Diseases"	"0.8918918918918919"	""	"1993"	"UNC13A"	"0.79"	"0.6"	"unc-13 homolog A"	"1.0"	"Abnormality of the nervous system (00707)"	"2016"	"10"	"127"	"5"	"6"	"229"	"3"	""	""	""	"1.0"	"Disease or Syndrome (T047)"	"disease"	"Q9UPW8"	"C0002736"	"ENSG00000130477"	"23025"	"protein-coding"	"2"	"7"	"4"
"disease of anatomical entity (7)"	"Amyotrophic Lateral Sclerosis"	"Nervous System Diseases,Nutritional and Metabolic Diseases"	"0.9067796610169492"	""	"1993"	"OPTN"	"0.88"	"0.54"	"optineurin"	"9.6103E-10"	"Abnormality of the nervous system (00707)"	"2014"	"12"	"127"	"5"	"135"	"229"	"5"	""	""	""	"1.0"	"Disease or Syndrome (T047)"	"disease"	"Q96CV9"	"C0002736"	"ENSG00000123240"	"10133"	"protein-coding"	"2"	"3"	"5"
"disease of anatomical entity (7)"	"Amyotrophic Lateral Sclerosis"	"Nervous System Diseases,Nutritional and Metabolic Diseases"	"0.9195402298850575"	""	"1993"	"ANG"	"0.92"	"0.39"	"angiogenin"	"0.42026"	"Abnormality of the nervous system (00707)"	"2013"	"11"	"127"	"3"	"27"	"229"	"1"	"R-HSA-1500931,R-HSA-74160"	"Cell-Cell communication,Gene expression (Transcription)"	""	"1.0"	"Disease or Syndrome (T047)"	"disease"	"W0UV28,P03950"	"C0002736"	"ENSG00000214274"	"283"	"protein-coding"	"1"	"3"	"6"
"disease of anatomical entity (7)"	"Amyotrophic Lateral Sclerosis"	"Nervous System Diseases,Nutritional and Metabolic Diseases"	"0.9333333333333333"	""	"2013"	"PPARGC1A"	"0.88"	"0.42"	"PPARG coactivator 1 alpha"	"1.0"	"Abnormality of the nervous system (00707)"	"2013"	"20"	"127"	"2"	"29"	"229"	"0"	"R-HSA-1266738,R-HSA-1430728,R-HSA-1852241,R-HSA-392499,R-HSA-400253,R-HSA-74160,R-HSA-8953897"	"Developmental Biology,Metabolism,Organelle biogenesis and maintenance,Metabolism of proteins,Circadian Clock,Gene expression (Transcription),Cellular responses to stimuli"	"Transcription factor"	"1.0"	"Disease or Syndrome (T047)"	"disease"	"Q9UBK2"	"C0002736"	"ENSG00000109819"	"10891"	"protein-coding"	"1"	"3"	"2"
"disease of anatomical entity (7)"	"Amyotrophic Lateral Sclerosis"	"Nervous System Diseases,Nutritional and Metabolic Diseases"	"0.9607843137254902"	""	"1989"	"DCTN1"	"0.75"	"0.56"	"dynactin subunit 1"	"0.9998"	"Abnormality of the nervous system (00707)"	"2024"	"18"	"127"	"37"	"408"	"229"	"6"	""	""	"Chaperone"	"0.95"	"Disease or Syndrome (T047)"	"disease"	"Q14203,Q6MZZ3"	"C0002736"	"ENSG00000204843"	"1639"	"protein-coding"	"1"	"0"	"0"
"disease of anatomical entity (7)"	"Amyotrophic Lateral Sclerosis"	"Nervous System Diseases,Nutritional and Metabolic Diseases"	"0.9702970297029703"	""	"1993"	"VCP"	"0.92"	"0.45"	"valosin containing protein"	"1.0"	"Abnormality of the nervous system (00707)"	"2013"	"31"	"127"	"3"	"179"	"229"	"5"	"R-HSA-162582,R-HSA-1643685,R-HSA-168256,R-HSA-382551,R-HSA-392499,R-HSA-73894,R-HSA-8953897,R-HSA-9612973"	"Signal Transduction,Disease,Immune System,Transport of small molecules,Metabolism of proteins,DNA Repair,Cellular responses to stimuli,Autophagy"	""	"0.95"	"Disease or Syndrome (T047)"	"disease"	"P55072"	"C0002736"	"ENSG00000165280"	"7415"	"protein-coding"	"1"	"5"	"3"
"disease of anatomical entity (7)"	"Amyotrophic Lateral Sclerosis"	"Nervous System Diseases,Nutritional and Metabolic Diseases"	"0.8947368421052632"	""	"2006"	"CHMP2B"	"0.67"	"0.56"	"charged multivesicular body protein 2B"	"4.7953E-4"	"Abnormality of the nervous system (00707)"	"2012"	"10"	"127"	"3"	"56"	"229"	"0"	"R-HSA-1640170,R-HSA-1643685,R-HSA-5357801,R-HSA-5653656,R-HSA-9612973"	"Cell Cycle,Disease,Programmed Cell Death,Vesicle-mediated transport,Autophagy"	""	"0.95"	"Disease or Syndrome (T047)"	"disease"	"A0A087WW88,Q9UQN3,B2RE76"	"C0002736"	"ENSG00000083937"	"25978"	"protein-coding"	"0"	"1"	"1"
"disease of anatomical entity (7)"	"Amyotrophic Lateral Sclerosis"	"Nervous System Diseases,Nutritional and Metabolic Diseases"	"0.9036144578313253"	""	"1993"	"TBK1"	"0.88"	"0.47"	"TANK binding kinase 1"	"0.9713"	"Abnormality of the nervous system (00707)"	"2015"	"14"	"127"	"3"	"135"	"229"	"5"	"R-HSA-162582,R-HSA-1643685,R-HSA-168256,R-HSA-9612973"	"Signal Transduction,Disease,Immune System,Autophagy"	"Kinase"	"0.95"	"Disease or Syndrome (T047)"	"disease"	"Q9UHD2"	"C0002736"	"ENSG00000183735"	"29110"	"protein-coding"	"0"	"3"	"4"
"disease of anatomical entity (7)"	"Amyotrophic Lateral Sclerosis"	"Nervous System Diseases,Nutritional and Metabolic Diseases"	"0.9130434782608695"	""	"1993"	"VAPB"	"0.67"	"0.59"	"VAMP associated protein B and C"	"0.52238"	"Abnormality of the nervous system (00707)"	"2013"	"4"	"127"	"2"	"149"	"229"	"10"	"R-HSA-1430728,R-HSA-162582"	"Metabolism,Signal Transduction"	"Transporter"	"0.95"	"Disease or Syndrome (T047)"	"disease"	"Q53XM7,O95292"	"C0002736"	"ENSG00000124164"	"9217"	"protein-coding"	"0"	"4"	"4"
"disease of anatomical entity (7)"	"Amyotrophic Lateral Sclerosis"	"Nervous System Diseases,Nutritional and Metabolic Diseases"	"0.8904109589041096"	""	"2013"	"UBQLN2"	"0.71"	"0.6"	"ubiquilin 2"	""	"Abnormality of the nervous system (00707)"	"2013"	"3"	"127"	"1"	"51"	"229"	"8"	"R-HSA-5653656"	"Vesicle-mediated transport"	""	"0.95"	"Disease or Syndrome (T047)"	"disease"	"Q9UHD9"	"C0002736"	"ENSG00000188021"	"29978"	"protein-coding"	"0"	"1"	"1"
"disease of anatomical entity (7)"	"Amyotrophic Lateral Sclerosis"	"Nervous System Diseases,Nutritional and Metabolic Diseases"	"0.9655172413793104"	"Limited"	"1975"	"PRPH"	"0.71"	"0.55"	"peripherin"	"1.6578E-15"	"Abnormality of the nervous system (00707)"	"2020"	"4"	"127"	"14"	"5"	"229"	"1"	""	""	""	"0.9"	"Disease or Syndrome (T047)"	"disease"	"P41219,B3KWQ6"	"C0002736"	"ENSG00000135406"	"5630"	"protein-coding"	"0"	"1"	"2"
"disease of anatomical entity (7)"	"Amyotrophic Lateral Sclerosis"	"Nervous System Diseases,Nutritional and Metabolic Diseases"	"0.9565217391304348"	"Refuted"	"1993"	"DAO"	"0.88"	"0.56"	"D-amino acid oxidase"	"7.6359E-15"	"Abnormality of the nervous system (00707)"	"2021"	"8"	"127"	"10"	"4"	"229"	"4"	"R-HSA-1430728,R-HSA-9609507"	"Metabolism,Protein localization"	""	"0.9"	"Disease or Syndrome (T047)"	"disease"	"A0A024RBI1,P14920"	"C0002736"	"ENSG00000110887"	"1610"	"protein-coding"	"0"	"2"	"7"
"disease of anatomical entity (7)"	"Amyotrophic Lateral Sclerosis"	"Nervous System Diseases,Nutritional and Metabolic Diseases"	"0.9"	""	"1993"	"NEK1"	"0.83"	"0.51"	"NIMA related kinase 1"	"8.761E-23"	"Abnormality of the nervous system (00707)"	"2016"	"19"	"127"	"4"	"223"	"229"	"2"	"R-HSA-1430728"	"Metabolism"	"Kinase"	"0.9"	"Disease or Syndrome (T047)"	"disease"	"Q5JXL9,Q96PY6"	"C0002736"	"ENSG00000137601"	"4750"	"protein-coding"	"0"	"1"	"1"
"disease of anatomical entity (7)"	"Amyotrophic Lateral Sclerosis"	"Nervous System Diseases,Nutritional and Metabolic Diseases"	"0.8620689655172413"	""	"1993"	"ALS2"	"0.79"	"0.59"	"alsin Rho guanine nucleotide exchange factor ALS2"	"2.5639E-17"	"Abnormality of the nervous system (00707)"	"2012"	"17"	"127"	"2"	"361"	"229"	"8"	"R-HSA-162582,R-HSA-5653656"	"Signal Transduction,Vesicle-mediated transport"	""	"0.9"	"Disease or Syndrome (T047)"	"disease"	"A8K4R4,Q96Q42"	"C0002736"	"ENSG00000003393"	"57679"	"protein-coding"	"0"	"1"	"1"
"disease of anatomical entity (7)"	"Amyotrophic Lateral Sclerosis"	"Nervous System Diseases,Nutritional and Metabolic Diseases"	"0.9411764705882353"	""	"1993"	"SETX"	"0.79"	"0.55"	"senataxin"	"0.99995"	"Abnormality of the nervous system (00707)"	"2012"	"26"	"127"	"2"	"480"	"229"	"15"	""	""	"Enzyme"	"0.9"	"Disease or Syndrome (T047)"	"disease"	"Q7Z333"	"C0002736"	"ENSG00000107290"	"23064"	"protein-coding"	"1"	"0"	"0"
"disease of anatomical entity (7)"	"Amyotrophic Lateral Sclerosis"	"Nervous System Diseases,Nutritional and Metabolic Diseases"	"0.9130434782608695"	""	"2016"	"NFE2L2"	"0.92"	"0.36"	"NFE2 like bZIP transcription factor 2"	"0.49709"	"Abnormality of the nervous system (00707)"	"2016"	"68"	"127"	"1"	"10"	"229"	"0"	"R-HSA-1643685,R-HSA-392499,R-HSA-8953897"	"Disease,Metabolism of proteins,Cellular responses to stimuli"	"Enzyme"	"0.9"	"Disease or Syndrome (T047)"	"disease"	"A0A8V8TN14,Q16236,A0A8V8TPA8"	"C0002736"	"ENSG00000116044"	"4780"	"protein-coding"	"1"	"5"	"3"
"disease of anatomical entity (7)"	"Amyotrophic Lateral Sclerosis"	"Nervous System Diseases,Nutritional and Metabolic Diseases"	"0.9696969696969697"	""	"1993"	"KIF5A"	"0.79"	"0.54"	"kinesin family member 5A"	"1.0"	"Abnormality of the nervous system (00707)"	"2012"	"20"	"127"	"2"	"289"	"229"	"3"	"R-HSA-109582,R-HSA-162582,R-HSA-168256,R-HSA-392499,R-HSA-5653656"	"Hemostasis,Signal Transduction,Immune System,Metabolism of proteins,Vesicle-mediated transport"	"Cellular structure"	"0.9"	"Disease or Syndrome (T047)"	"disease"	"Q12840"	"C0002736"	"ENSG00000155980"	"3798"	"protein-coding"	"0"	"0"	"0"
"disease of anatomical entity (7)"	"Amyotrophic Lateral Sclerosis"	"Nervous System Diseases,Nutritional and Metabolic Diseases"	"0.8636363636363636"	""	"1993"	"CHCHD10"	"0.79"	"0.57"	"coiled-coil-helix-coiled-coil-helix domain containing 10"	"3.9883E-4"	"Abnormality of the nervous system (00707)"	"2020"	"7"	"127"	"13"	"61"	"229"	"1"	"R-HSA-9609507"	"Protein localization"	""	"0.85"	"Disease or Syndrome (T047)"	"disease"	"Q8WYQ3,B5MBW9"	"C0002736"	"ENSG00000250479"	"400916"	"protein-coding"	"0"	"0"	"0"
"disease of anatomical entity (7)"	"Amyotrophic Lateral Sclerosis"	"Nervous System Diseases,Nutritional and Metabolic Diseases"	"1.0"	""	"1993"	"ANXA11"	"0.83"	"0.57"	"annexin A11"	"1.4914E-14"	"Abnormality of the nervous system (00707)"	"2023"	"5"	"127"	"9"	"18"	"229"	"4"	""	""	""	"0.85"	"Disease or Syndrome (T047)"	"disease"	"Q5T0G8,P50995"	"C0002736"	"ENSG00000122359"	"311"	"protein-coding"	"0"	"1"	"1"
"disease of anatomical entity (7)"	"Amyotrophic Lateral Sclerosis"	"Nervous System Diseases,Nutritional and Metabolic Diseases"	"0.8888888888888888"	""	"1993"	"FIG4"	"0.83"	"0.5"	"FIG4 phosphoinositide 5-phosphatase"	"1.2782E-16"	"Abnormality of the nervous system (00707)"	"2014"	"22"	"127"	"7"	"362"	"229"	"11"	"R-HSA-1430728"	"Metabolism"	""	"0.85"	"Disease or Syndrome (T047)"	"disease"	"Q92562"	"C0002736"	"ENSG00000112367"	"9896"	"protein-coding"	"0"	"0"	"0"
"disease of anatomical entity (7)"	"Amyotrophic Lateral Sclerosis"	"Nervous System Diseases,Nutritional and Metabolic Diseases"	"0.8571428571428571"	""	"1993"	"PON1"	"0.92"	"0.41"	"paraoxonase 1"	"8.2563E-12"	"Abnormality of the nervous system (00707)"	"2017"	"95"	"127"	"5"	"5"	"229"	"1"	"R-HSA-1430728,R-HSA-9748784"	"Metabolism,Drug ADME"	""	"0.85"	"Disease or Syndrome (T047)"	"disease"	"P27169"	"C0002736"	"ENSG00000005421"	"5444"	"protein-coding"	"0"	"0"	"0"
"disease of anatomical entity (7)"	"Amyotrophic Lateral Sclerosis"	"Nervous System Diseases,Nutritional and Metabolic Diseases"	"0.94"	""	"1993"	"PFN1"	"0.88"	"0.51"	"profilin 1"	"0.98023"	"Abnormality of the nervous system (00707)"	"2013"	"6"	"127"	"5"	"7"	"229"	"2"	"R-HSA-109582,R-HSA-1266738,R-HSA-162582"	"Hemostasis,Developmental Biology,Signal Transduction"	""	"0.85"	"Disease or Syndrome (T047)"	"disease"	"P07737"	"C0002736"	"ENSG00000108518"	"5216"	"protein-coding"	"0"	"2"	"1"
"disease of anatomical entity (7)"	"Amyotrophic Lateral Sclerosis"	"Nervous System Diseases,Nutritional and Metabolic Diseases"	"0.9285714285714286"	""	"1993"	"ERBB4"	"0.88"	"0.43"	"erb-b2 receptor tyrosine kinase 4"	"1.0"	"Abnormality of the nervous system (00707)"	"2020"	"21"	"127"	"4"	"92"	"229"	"7"	"R-HSA-112316,R-HSA-162582,R-HSA-1643685"	"Neuronal System,Signal Transduction,Disease"	"Kinase"	"0.85"	"Disease or Syndrome (T047)"	"disease"	"Q15303"	"C0002736"	"ENSG00000178568"	"2066"	"protein-coding"	"0"	"0"	"0"
"disease of anatomical entity (7)"	"Amyotrophic Lateral Sclerosis"	"Nervous System Diseases,Nutritional and Metabolic Diseases"	"0.9375"	""	"1993"	"SCFD1"	"0.46"	"0.76"	"sec1 family domain containing 1"	"0.23156"	"Abnormality of the nervous system (00707)"	"2016"	"1"	"127"	"3"	"6"	"229"	"3"	"R-HSA-162582,R-HSA-392499,R-HSA-5653656"	"Signal Transduction,Metabolism of proteins,Vesicle-mediated transport"	"Transporter"	"0.85"	"Disease or Syndrome (T047)"	"disease"	"B7Z5N7,Q8WVM8,B7Z738"	"C0002736"	"ENSG00000092108"	"23256"	"protein-coding"	"0"	"0"	"0"
"disease of anatomical entity (7)"	"Amyotrophic Lateral Sclerosis"	"Nervous System Diseases,Nutritional and Metabolic Diseases"	"0.9230769230769231"	""	"1993"	"MATR3"	"0.75"	"0.58"	"matrin 3"	"1.0"	"Abnormality of the nervous system (00707)"	"2014"	"5"	"127"	"3"	"146"	"229"	"2"	""	""	""	"0.85"	"Disease or Syndrome (T047)"	"disease"	"B3KM87,Q9H4N1,B4DF66,P43243,A0A0R4J2E8"	"C0002736"	"ENSG00000015479"	"9782"	"protein-coding"	"0"	"0"	"0"
"disease of anatomical entity (7)"	"Amyotrophic Lateral Sclerosis"	"Nervous System Diseases,Nutritional and Metabolic Diseases"	"0.9655172413793104"	""	"1993"	"CCNF"	"0.75"	"0.61"	"cyclin F"	"0.69786"	"Abnormality of the nervous system (00707)"	"2016"	"8"	"127"	"3"	"14"	"229"	"2"	"R-HSA-168256,R-HSA-392499"	"Immune System,Metabolism of proteins"	"Enzyme modulator"	"0.85"	"Disease or Syndrome (T047)"	"disease"	"Q59HD0,P41002"	"C0002736"	"ENSG00000162063"	"899"	"protein-coding"	"0"	"0"	"0"
"disease of anatomical entity (7)"	"Amyotrophic Lateral Sclerosis"	"Nervous System Diseases,Nutritional and Metabolic Diseases"	"1.0"	""	"2013"	"MIR206"	"0.88"	"0.49"	"microRNA 206"	""	"Abnormality of the nervous system (00707)"	"2016"	"12"	"127"	"2"	"0"	"229"	"0"	""	""	""	"0.85"	"Disease or Syndrome (T047)"	"disease"	""	"C0002736"	"ENSG00000207604"	"406989"	"ncRNA"	"1"	"0"	"0"
"disease of anatomical entity (7)"	"Amyotrophic Lateral Sclerosis"	"Nervous System Diseases,Nutritional and Metabolic Diseases"	"0.8666666666666667"	""	"2001"	"GFAP"	"0.88"	"0.37"	"glial fibrillary acidic protein"	"2.8326E-9"	"Abnormality of the nervous system (00707)"	"2001"	"36"	"127"	"1"	"110"	"229"	"0"	"R-HSA-162582,R-HSA-9612973"	"Signal Transduction,Autophagy"	""	"0.85"	"Disease or Syndrome (T047)"	"disease"	"P14136"	"C0002736"	"ENSG00000131095"	"2670"	"protein-coding"	"4"	"2"	"2"
"disease of anatomical entity (7)"	"Amyotrophic Lateral Sclerosis"	"Nervous System Diseases,Nutritional and Metabolic Diseases"	"0.9032258064516129"	""	""	"NEFL"	"0.92"	"0.39"	"neurofilament light chain"	"8.6986E-10"	"Abnormality of the nervous system (00707)"	""	"34"	"127"	"0"	"243"	"229"	"0"	"R-HSA-112316,R-HSA-162582"	"Neuronal System,Signal Transduction"	""	"0.85"	"Disease or Syndrome (T047)"	"disease"	"P07196"	"C0002736"	"ENSG00000277586"	"4747"	"protein-coding"	"61"	"9"	"7"
"disease of anatomical entity (7)"	"Amyotrophic Lateral Sclerosis"	"Nervous System Diseases,Nutritional and Metabolic Diseases"	"0.8636363636363636"	""	""	"GRN"	"0.92"	"0.41"	"granulin precursor"	"0.041507"	"Abnormality of the nervous system (00707)"	""	"27"	"127"	"0"	"218"	"229"	"0"	""	""	""	"0.85"	"Disease or Syndrome (T047)"	"disease"	"P28799"	"C0002736"	"ENSG00000030582"	"2896"	"protein-coding"	"2"	"0"	"0"
"disease of anatomical entity (7)"	"Amyotrophic Lateral Sclerosis"	"Nervous System Diseases,Nutritional and Metabolic Diseases"	"1.0"	"Limited"	"2011"	"TAF15"	"0.71"	"0.58"	"TATA-box binding protein associated factor 15"	"0.99986"	"Abnormality of the nervous system (00707)"	"2020"	"7"	"127"	"12"	"0"	"229"	"0"	"R-HSA-1643685,R-HSA-74160"	"Disease,Gene expression (Transcription)"	"Nucleic acid binding"	"0.8"	"Disease or Syndrome (T047)"	"disease"	"Q92804"	"C0002736"	"ENSG00000270647"	"8148"	"protein-coding"	"0"	"0"	"0"
"disease of anatomical entity (7)"	"Amyotrophic Lateral Sclerosis"	"Nervous System Diseases,Nutritional and Metabolic Diseases"	"0.9545454545454546"	"Disputed"	"1993"	"EWSR1"	"0.83"	"0.45"	"EWS RNA binding protein 1"	"1.0"	"Abnormality of the nervous system (00707)"	"2022"	"14"	"127"	"12"	"3"	"229"	"2"	""	""	"Nucleic acid binding"	"0.8"	"Disease or Syndrome (T047)"	"disease"	"Q01844"	"C0002736"	"ENSG00000182944"	"2130"	"protein-coding"	"0"	"2"	"1"
"disease of anatomical entity (7)"	"Amyotrophic Lateral Sclerosis"	"Nervous System Diseases,Nutritional and Metabolic Diseases"	"0.8823529411764706"	""	"1993"	"TUBA4A"	"0.79"	"0.65"	"tubulin alpha 4a"	"7.8904E-6"	"Abnormality of the nervous system (00707)"	"2017"	"5"	"127"	"3"	"8"	"229"	"1"	"R-HSA-109582,R-HSA-112316,R-HSA-1266738,R-HSA-162582,R-HSA-1640170,R-HSA-1643685,R-HSA-168256,R-HSA-1852241,R-HSA-392499,R-HSA-5653656,R-HSA-8953897,R-HSA-9612973"	"Hemostasis,Neuronal System,Developmental Biology,Signal Transduction,Cell Cycle,Disease,Immune System,Organelle biogenesis and maintenance,Metabolism of proteins,Vesicle-mediated transport,Cellular responses to stimuli,Autophagy"	"Cellular structure"	"0.8"	"Disease or Syndrome (T047)"	"disease"	"P68366"	"C0002736"	"ENSG00000127824"	"7277"	"protein-coding"	"0"	"0"	"0"
"disease of anatomical entity (7)"	"Amyotrophic Lateral Sclerosis"	"Nervous System Diseases,Nutritional and Metabolic Diseases"	"0.9230769230769231"	""	"1993"	"SARM1"	"0.75"	"0.6"	"sterile alpha and TIR motif containing 1"	"2.1833E-23"	"Abnormality of the nervous system (00707)"	"2012"	"4"	"127"	"2"	"84"	"229"	"2"	"R-HSA-168256"	"Immune System"	""	"0.8"	"Disease or Syndrome (T047)"	"disease"	"Q0D2N8,Q6SZW1,Q05B42"	"C0002736"	"ENSG00000004139"	"23098"	"protein-coding"	"0"	"1"	"1"
"disease of anatomical entity (7)"	"Amyotrophic Lateral Sclerosis"	"Nervous System Diseases,Nutritional and Metabolic Diseases"	"1.0"	""	"2001"	"PTGS2"	"0.92"	"0.33"	"prostaglandin-endoperoxide synthase 2"	"1.0"	"Abnormality of the nervous system (00707)"	"2005"	"142"	"127"	"2"	"1"	"229"	"0"	"R-HSA-1430728,R-HSA-168256"	"Metabolism,Immune System"	"Enzyme"	"0.8"	"Disease or Syndrome (T047)"	"disease"	"P35354"	"C0002736"	"ENSG00000073756"	"5743"	"protein-coding"	"0"	"2"	"2"
"disease of anatomical entity (7)"	"Amyotrophic Lateral Sclerosis"	"Nervous System Diseases,Nutritional and Metabolic Diseases"	"0.8125"	""	"2014"	"TREM2"	"0.92"	"0.46"	"triggering receptor expressed on myeloid cells 2"	"6.5751E-7"	"Abnormality of the nervous system (00707)"	"2014"	"11"	"127"	"1"	"37"	"229"	"0"	"R-HSA-1266738,R-HSA-168256"	"Developmental Biology,Immune System"	""	"0.8"	"Disease or Syndrome (T047)"	"disease"	"Q5TCX1,Q9NZC2"	"C0002736"	"ENSG00000095970"	"54209"	"protein-coding"	"0"	"0"	"0"
"disease of anatomical entity (7)"	"Amyotrophic Lateral Sclerosis"	"Nervous System Diseases,Nutritional and Metabolic Diseases"	"0.7608695652173914"	""	"2001"	"SLC1A2"	"0.88"	"0.49"	"solute carrier family 1 member 2"	"0.83535"	"Abnormality of the nervous system (00707)"	"2001"	"14"	"127"	"1"	"29"	"229"	"0"	"R-HSA-112316,R-HSA-382551"	"Neuronal System,Transport of small molecules"	"Transporter"	"0.8"	"Disease or Syndrome (T047)"	"disease"	"A0A2U3TZS7,A0A2R8YFE3,A2A2U1,P43004,A0A2R8Y860"	"C0002736"	"ENSG00000110436"	"6506"	"protein-coding"	"0"	"3"	"7"
"disease of anatomical entity (7)"	"Amyotrophic Lateral Sclerosis"	"Nervous System Diseases,Nutritional and Metabolic Diseases"	"0.9142857142857143"	""	"2013"	"HNRNPA1"	"0.83"	"0.49"	"heterogeneous nuclear ribonucleoprotein A1"	"0.99989"	"Abnormality of the nervous system (00707)"	"2013"	"14"	"127"	"1"	"24"	"229"	"0"	""	""	""	"0.8"	"Disease or Syndrome (T047)"	"disease"	"A0A024RB53,P09651"	"C0002736"	"ENSG00000135486"	"3178"	"protein-coding"	"0"	"3"	"2"
"disease of anatomical entity (7)"	"Amyotrophic Lateral Sclerosis"	"Nervous System Diseases,Nutritional and Metabolic Diseases"	"1.0"	""	"2014"	"SIGMAR1"	"0.83"	"0.55"	"sigma non-opioid intracellular receptor 1"	"3.0578E-6"	"Abnormality of the nervous system (00707)"	"2014"	"16"	"127"	"1"	"65"	"229"	"0"	""	""	""	"0.8"	"Disease or Syndrome (T047)"	"disease"	"B4DR71,Q99720,A2A3U5,A0A7P0T9D5,A0A7P0Z4C2"	"C0002736"	"ENSG00000147955"	"10280"	"protein-coding"	"0"	"2"	"2"
"disease of anatomical entity (7)"	"Amyotrophic Lateral Sclerosis"	"Nervous System Diseases,Nutritional and Metabolic Diseases"	"1.0"	""	""	"GSK3B"	"0.92"	"0.38"	"glycogen synthase kinase 3 beta"	"0.89836"	"Abnormality of the nervous system (00707)"	""	"37"	"127"	"0"	"10"	"229"	"0"	""	""	"Kinase"	"0.8"	"Disease or Syndrome (T047)"	"disease"	"Q6FI27,P49841"	"C0002736"	"ENSG00000082701"	"2932"	"protein-coding"	"0"	"1"	"1"
"disease of anatomical entity (7)"	"Amyotrophic Lateral Sclerosis"	"Nervous System Diseases,Nutritional and Metabolic Diseases"	"1.0"	""	"1993"	"SPG11"	"0.79"	"0.56"	"SPG11 vesicle trafficking associated, spatacsin"	"1.7691E-51"	"Abnormality of the nervous system (00707)"	"2012"	"19"	"127"	"2"	"1225"	"229"	"10"	""	""	""	"0.8"	"Disease or Syndrome (T047)"	"disease"	"Q96JI7"	"C0002736"	"ENSG00000104133"	"80208"	"protein-coding"	"1"	"0"	"0"
"disease of anatomical entity (7)"	"Amyotrophic Lateral Sclerosis"	"Nervous System Diseases,Nutritional and Metabolic Diseases"	"0.8823529411764706"	""	"1993"	"GLT8D1"	"0.63"	"0.62"	"glycosyltransferase 8 domain containing 1"	"0.0016017"	"Abnormality of the nervous system (00707)"	"2022"	"4"	"127"	"12"	"9"	"229"	"1"	""	""	""	"0.75"	"Disease or Syndrome (T047)"	"disease"	"Q68CQ7,Q7Z4D0"	"C0002736"	"ENSG00000016864"	"55830"	"protein-coding"	"0"	"0"	"0"
"disease of anatomical entity (7)"	"Amyotrophic Lateral Sclerosis"	"Nervous System Diseases,Nutritional and Metabolic Diseases"	"0.8823529411764706"	""	"1993"	"DNAJC7"	"0.42"	"0.78"	"DnaJ heat shock protein family (Hsp40) member C7"	"0.99998"	"Abnormality of the nervous system (00707)"	"2022"	"4"	"127"	"11"	"2"	"229"	"1"	"R-HSA-8953897"	"Cellular responses to stimuli"	""	"0.75"	"Disease or Syndrome (T047)"	"disease"	"Q99615"	"C0002736"	"ENSG00000168259"	"7266"	"protein-coding"	"0"	"0"	"0"
"disease of anatomical entity (7)"	"Amyotrophic Lateral Sclerosis"	"Nervous System Diseases,Nutritional and Metabolic Diseases"	"1.0"	""	"1993"	"SS18L1"	"0.75"	"0.61"	"SS18L1 subunit of BAF chromatin remodeling complex"	"0.010941"	"Abnormality of the nervous system (00707)"	"2020"	"1"	"127"	"9"	"1"	"229"	"1"	""	""	"Nucleic acid binding"	"0.75"	"Disease or Syndrome (T047)"	"disease"	"B4DSR7,O75177"	"C0002736"	"ENSG00000184402"	"26039"	"protein-coding"	"0"	"0"	"0"
"disease of anatomical entity (7)"	"Amyotrophic Lateral Sclerosis"	"Nervous System Diseases,Nutritional and Metabolic Diseases"	"1.0"	"Limited"	"1993"	"GLE1"	"0.75"	"0.58"	"GLE1 RNA export mediator"	"2.0764E-15"	"Abnormality of the nervous system (00707)"	"2021"	"5"	"127"	"8"	"69"	"229"	"2"	"R-HSA-8953854"	"Metabolism of RNA"	"Transporter"	"0.75"	"Disease or Syndrome (T047)"	"disease"	"Q53GS7,B3KMG0"	"C0002736"	"ENSG00000119392"	"2733"	"protein-coding"	"0"	"1"	"1"
"disease of anatomical entity (7)"	"Amyotrophic Lateral Sclerosis"	"Nervous System Diseases,Nutritional and Metabolic Diseases"	"1.0"	""	"1993"	"SPTLC1"	"0.67"	"0.57"	"serine palmitoyltransferase long chain base subunit 1"	"1.254E-10"	"Abnormality of the nervous system (00707)"	"2012"	"15"	"127"	"2"	"150"	"229"	"2"	""	""	"Enzyme"	"0.75"	"Disease or Syndrome (T047)"	"disease"	"Q6NUL7,O15269"	"C0002736"	"ENSG00000090054"	"10558"	"protein-coding"	"0"	"1"	"2"
"disease of anatomical entity (7)"	"Amyotrophic Lateral Sclerosis"	"Nervous System Diseases,Nutritional and Metabolic Diseases"	"0.8333333333333334"	""	"1996"	"SOD2"	"0.96"	"0.37"	"superoxide dismutase 2"	"0.032187"	"Abnormality of the nervous system (00707)"	"1996"	"191"	"127"	"1"	"5"	"229"	"0"	"R-HSA-1643685,R-HSA-168256,R-HSA-1852241,R-HSA-74160,R-HSA-8953897"	"Disease,Immune System,Organelle biogenesis and maintenance,Gene expression (Transcription),Cellular responses to stimuli"	"Enzyme"	"0.75"	"Disease or Syndrome (T047)"	"disease"	"G5E9P6,Q96AM7,P04179,A0A384NL29,Q9UG59"	"C0002736"	"ENSG00000291237"	"6648"	"protein-coding"	"0"	"2"	"5"
"disease of anatomical entity (7)"	"Amyotrophic Lateral Sclerosis"	"Nervous System Diseases,Nutritional and Metabolic Diseases"	"0.7142857142857143"	""	"2008"	"DPP6"	"0.83"	"0.53"	"dipeptidyl peptidase like 6"	"1.107E-10"	"Abnormality of the nervous system (00707)"	"2008"	"17"	"127"	"1"	"50"	"229"	"1"	""	""	"Enzyme"	"0.75"	"Disease or Syndrome (T047)"	"disease"	"E9PF59,P42658,B7Z299,A7E2E4,E9PDL2,Q8IYG9"	"C0002736"	"ENSG00000130226"	"1804"	"protein-coding"	"0"	"0"	"0"
"disease of anatomical entity (7)"	"Amyotrophic Lateral Sclerosis"	"Nervous System Diseases,Nutritional and Metabolic Diseases"	"0.5"	""	""	"VDR"	"0.92"	"0.34"	"vitamin D receptor"	"0.0107"	"Abnormality of the nervous system (00707)"	""	"73"	"127"	"0"	"152"	"229"	"0"	"R-HSA-1430728,R-HSA-392499,R-HSA-74160"	"Metabolism,Metabolism of proteins,Gene expression (Transcription)"	"Nuclear receptor"	"0.75"	"Disease or Syndrome (T047)"	"disease"	"P11473,F1D8P8"	"C0002736"	"ENSG00000111424"	"7421"	"protein-coding"	"1"	"0"	"0"
"disease of anatomical entity (7)"	"Amyotrophic Lateral Sclerosis"	"Nervous System Diseases,Nutritional and Metabolic Diseases"	"0.84"	""	""	"APOE"	"0.92"	"0.33"	"apolipoprotein E"	"2.5529E-4"	"Abnormality of the nervous system (00707)"	""	"100"	"127"	"0"	"33"	"229"	"0"	""	""	""	"0.75"	"Disease or Syndrome (T047)"	"disease"	"A0A0S2Z3D5,P02649"	"C0002736"	"ENSG00000130203"	"348"	"protein-coding"	"0"	"0"	"0"
"disease of anatomical entity (7)"	"Amyotrophic Lateral Sclerosis"	"Nervous System Diseases,Nutritional and Metabolic Diseases"	"0.8571428571428571"	""	"1993"	"MOBP"	"0.58"	"0.65"	"myelin associated oligodendrocyte basic protein"	"0.80481"	"Abnormality of the nervous system (00707)"	"2016"	"4"	"127"	"3"	"7"	"229"	"3"	""	""	"Cellular structure"	"0.7"	"Disease or Syndrome (T047)"	"disease"	"A0A0S2Z3W1,Q13875"	"C0002736"	"ENSG00000168314"	"4336"	"protein-coding"	"0"	"0"	"0"
"disease of anatomical entity (7)"	"Amyotrophic Lateral Sclerosis"	"Nervous System Diseases,Nutritional and Metabolic Diseases"	"0.8333333333333334"	""	"1993"	"TNIP1"	"0.75"	"0.55"	"TNFAIP3 interacting protein 1"	"1.0"	"Abnormality of the nervous system (00707)"	"2012"	"8"	"127"	"2"	"19"	"229"	"2"	"R-HSA-392499"	"Metabolism of proteins"	""	"0.7"	"Disease or Syndrome (T047)"	"disease"	"Q15025,B7Z8K2,A8K4N4,A0A0A0MRZ4"	"C0002736"	"ENSG00000145901"	"10318"	"protein-coding"	"0"	"0"	"0"
"disease of anatomical entity (7)"	"Amyotrophic Lateral Sclerosis"	"Nervous System Diseases,Nutritional and Metabolic Diseases"	"1.0"	""	""	"AOX1"	"0.67"	"0.6"	"aldehyde oxidase 1"	"6.121E-31"	"Abnormality of the nervous system (00707)"	""	"3"	"127"	"0"	"0"	"229"	"0"	"R-HSA-1430728"	"Metabolism"	"Enzyme"	"0.7"	"Disease or Syndrome (T047)"	"disease"	"Q06278"	"C0002736"	"ENSG00000138356"	"316"	"protein-coding"	"0"	"1"	"1"
"disease of anatomical entity (7)"	"Amyotrophic Lateral Sclerosis"	"Nervous System Diseases,Nutritional and Metabolic Diseases"	"1.0"	"Limited"	"2010"	"ARHGEF28"	"0.83"	"0.59"	"Rho guanine nucleotide exchange factor 28"	"9.7643E-35"	"Abnormality of the nervous system (00707)"	"2020"	"2"	"127"	"9"	"25"	"229"	"0"	""	""	""	"0.65"	"Disease or Syndrome (T047)"	"disease"	"Q8N1W1"	"C0002736"	"ENSG00000214944"	"64283"	"protein-coding"	"0"	"2"	"2"
"disease of anatomical entity (7)"	"Amyotrophic Lateral Sclerosis"	"Nervous System Diseases,Nutritional and Metabolic Diseases"	"1.0"	"Limited"	"2010"	"CAV1"	"0.88"	"0.38"	"caveolin 1"	"0.01393"	"Abnormality of the nervous system (00707)"	"2023"	"44"	"127"	"5"	"32"	"229"	"0"	"R-HSA-109582,R-HSA-1430728,R-HSA-162582,R-HSA-1643685,R-HSA-74160"	"Hemostasis,Metabolism,Signal Transduction,Disease,Gene expression (Transcription)"	"Enzyme modulator"	"0.65"	"Disease or Syndrome (T047)"	"disease"	"Q2TNI1,A9XTE5,Q59E85,Q03135,Q7Z4F3"	"C0002736"	"ENSG00000105974"	"857"	"protein-coding"	"0"	"0"	"0"
"disease of anatomical entity (7)"	"Amyotrophic Lateral Sclerosis"	"Nervous System Diseases,Nutritional and Metabolic Diseases"	"1.0"	"Limited"	"1991"	"CAV2"	"0.75"	"0.56"	"caveolin 2"	"0.088426"	"Abnormality of the nervous system (00707)"	"2023"	"7"	"127"	"4"	"3"	"229"	"0"	"R-HSA-162582"	"Signal Transduction"	"Enzyme modulator"	"0.65"	"Disease or Syndrome (T047)"	"disease"	"Q53X57,P51636"	"C0002736"	"ENSG00000105971"	"858"	"protein-coding"	"0"	"0"	"0"
"disease of anatomical entity (7)"	"Amyotrophic Lateral Sclerosis"	"Nervous System Diseases,Nutritional and Metabolic Diseases"	"1.0"	""	"2010"	"PON2"	"0.92"	"0.54"	"paraoxonase 2"	"2.3818E-7"	"Abnormality of the nervous system (00707)"	"2013"	"13"	"127"	"2"	"4"	"229"	"0"	"R-HSA-1430728"	"Metabolism"	""	"0.65"	"Disease or Syndrome (T047)"	"disease"	"Q15165"	"C0002736"	"ENSG00000105854"	"5445"	"protein-coding"	"0"	"0"	"0"
"disease of anatomical entity (7)"	"Amyotrophic Lateral Sclerosis"	"Nervous System Diseases,Nutritional and Metabolic Diseases"	"1.0"	""	"1993"	"CHRNA3"	"0.92"	"0.34"	"cholinergic receptor nicotinic alpha 3 subunit"	"2.6717E-10"	"Abnormality of the nervous system (00707)"	"2012"	"26"	"127"	"2"	"51"	"229"	"5"	"R-HSA-112316"	"Neuronal System"	"Ion channel"	"0.65"	"Disease or Syndrome (T047)"	"disease"	"P32297"	"C0002736"	"ENSG00000080644"	"1136"	"protein-coding"	"0"	"0"	"0"
"disease of anatomical entity (7)"	"Amyotrophic Lateral Sclerosis"	"Nervous System Diseases,Nutritional and Metabolic Diseases"	"0.75"	""	"1993"	"CACNA1A"	"0.92"	"0.44"	"calcium voltage-gated channel subunit alpha1 A"	"1.0"	"Abnormality of the nervous system (00707)"	"2012"	"72"	"127"	"2"	"948"	"229"	"1"	"R-HSA-112316,R-HSA-1430728"	"Neuronal System,Metabolism"	"Ion channel"	"0.65"	"Disease or Syndrome (T047)"	"disease"	"A0A087WW63,B5TYJ1,Q9NS89,O00555"	"C0002736"	"ENSG00000141837"	"773"	"protein-coding"	"0"	"1"	"1"
"disease of anatomical entity (7)"	"Amyotrophic Lateral Sclerosis"	"Nervous System Diseases,Nutritional and Metabolic Diseases"	"1.0"	""	"1993"	"ELP3"	"0.5"	"0.68"	"elongator acetyltransferase complex subunit 3"	"1.7628E-12"	"Abnormality of the nervous system (00707)"	"2012"	"3"	"127"	"2"	"12"	"229"	"1"	"R-HSA-4839726"	"Chromatin organization"	"Enzyme"	"0.65"	"Disease or Syndrome (T047)"	"disease"	"B4DKA4,Q9H9T3,B4DXV1"	"C0002736"	"ENSG00000134014"	"55140"	"protein-coding"	"0"	"0"	"0"
"disease of anatomical entity (7)"	"Amyotrophic Lateral Sclerosis"	"Nervous System Diseases,Nutritional and Metabolic Diseases"	"1.0"	""	"2013"	"MIR23A"	"0.88"	"0.52"	"microRNA 23a"	""	"Abnormality of the nervous system (00707)"	"2013"	"8"	"127"	"1"	"0"	"229"	"0"	""	""	""	"0.65"	"Disease or Syndrome (T047)"	"disease"	""	"C0002736"	"ENSG00000207980"	"407010"	"ncRNA"	"0"	"0"	"0"
"disease of anatomical entity (7)"	"Amyotrophic Lateral Sclerosis"	"Nervous System Diseases,Nutritional and Metabolic Diseases"	"1.0"	""	"2013"	"TNFRSF21"	"0.71"	"0.59"	"TNF receptor superfamily member 21"	"0.26812"	"Abnormality of the nervous system (00707)"	"2013"	"3"	"127"	"1"	"4"	"229"	"0"	"R-HSA-1430728"	"Metabolism"	""	"0.65"	"Disease or Syndrome (T047)"	"disease"	"O75509"	"C0002736"	"ENSG00000146072"	"27242"	"protein-coding"	"0"	"1"	"1"
"disease of anatomical entity (7)"	"Amyotrophic Lateral Sclerosis"	"Nervous System Diseases,Nutritional and Metabolic Diseases"	"1.0"	""	"2005"	"PLA2G4A"	"0.88"	"0.49"	"phospholipase A2 group IVA"	"0.18936"	"Abnormality of the nervous system (00707)"	"2005"	"16"	"127"	"1"	"8"	"229"	"0"	"R-HSA-109582,R-HSA-1430728,R-HSA-162582,R-HSA-5653656"	"Hemostasis,Metabolism,Signal Transduction,Vesicle-mediated transport"	"Enzyme"	"0.65"	"Disease or Syndrome (T047)"	"disease"	"P47712,B4DZI4"	"C0002736"	"ENSG00000116711"	"5321"	"protein-coding"	"0"	"1"	"1"
"disease of anatomical entity (7)"	"Amyotrophic Lateral Sclerosis"	"Nervous System Diseases,Nutritional and Metabolic Diseases"	"0.875"	""	""	"HMGB1"	"0.92"	"0.37"	"high mobility group box 1"	"0.99972"	"Abnormality of the nervous system (00707)"	""	"22"	"127"	"0"	"14"	"229"	"0"	"R-HSA-1643685,R-HSA-168256,R-HSA-5357801"	"Disease,Immune System,Programmed Cell Death"	"Nucleic acid binding"	"0.65"	"Disease or Syndrome (T047)"	"disease"	"P09429"	"C0002736"	"ENSG00000189403"	"3146"	"protein-coding"	"0"	"1"	"1"
"disease of anatomical entity (7)"	"Amyotrophic Lateral Sclerosis"	"Nervous System Diseases,Nutritional and Metabolic Diseases"	"0.6666666666666666"	""	""	"MTHFR"	"0.88"	"0.34"	"methylenetetrahydrofolate reductase"	"1.0185E-11"	"Abnormality of the nervous system (00707)"	""	"213"	"127"	"0"	"214"	"229"	"0"	"R-HSA-1430728"	"Metabolism"	""	"0.65"	"Disease or Syndrome (T047)"	"disease"	"P42898,Q8IU67,Q59GJ6"	"C0002736"	"ENSG00000177000"	"4524"	"protein-coding"	"0"	"0"	"0"
"disease of anatomical entity (7)"	"Amyotrophic Lateral Sclerosis"	"Nervous System Diseases,Nutritional and Metabolic Diseases"	"1.0"	""	""	"NRG1"	"0.88"	"0.43"	"neuregulin 1"	""	"Abnormality of the nervous system (00707)"	""	"41"	"127"	"0"	"38"	"229"	"0"	"R-HSA-162582,R-HSA-1643685"	"Signal Transduction,Disease"	"Signaling"	"0.65"	"Disease or Syndrome (T047)"	"disease"	"A0A494C0Q4,A6MW54,B7Z1D7,B0FYA7,Q7RTW5,B0FYA9,E3SFM9,Q02297,A0A494C0L9,B0FYA8,A6MW55,B0FWZ3,A0A024QY88,A0A494C1F8,B7Z1E3,Q6PK61,A0A494C0K4,A0A494C1F5,A6MW56,E5RHP6,A5YAK8,A0A494C114,A5YAK6,A0A494C1B5,Q7RTW3"	"C0002736"	"ENSG00000157168"	"3084"	"protein-coding"	"0"	"1"	"1"
"disease of anatomical entity (7)"	"Amyotrophic Lateral Sclerosis"	"Nervous System Diseases,Nutritional and Metabolic Diseases"	"0.5"	""	""	"ITPR2"	"0.79"	"0.62"	"inositol 1,4,5-trisphosphate receptor type 2"	"8.467E-27"	"Abnormality of the nervous system (00707)"	""	"5"	"127"	"0"	"19"	"229"	"0"	"R-HSA-109582,R-HSA-1430728,R-HSA-162582,R-HSA-1643685,R-HSA-168256,R-HSA-397014"	"Hemostasis,Metabolism,Signal Transduction,Disease,Immune System,Muscle contraction"	"Ion channel"	"0.65"	"Disease or Syndrome (T047)"	"disease"	"Q14571"	"C0002736"	"ENSG00000123104"	"3709"	"protein-coding"	"0"	"0"	"0"
"disease of anatomical entity (7)"	"Amyotrophic Lateral Sclerosis"	"Nervous System Diseases,Nutritional and Metabolic Diseases"	"1.0"	""	""	"GOT1"	"0.92"	"0.36"	"glutamic-oxaloacetic transaminase 1"	"0.020739"	"Abnormality of the nervous system (00707)"	""	"6"	"127"	"0"	"3"	"229"	"0"	"R-HSA-1430728"	"Metabolism"	""	"0.65"	"Disease or Syndrome (T047)"	"disease"	"A0A140VK69,P17174"	"C0002736"	"ENSG00000120053"	"2805"	"protein-coding"	"2"	"1"	"1"
"disease of anatomical entity (7)"	"Amyotrophic Lateral Sclerosis"	"Nervous System Diseases,Nutritional and Metabolic Diseases"	"0.9166666666666666"	""	"1994"	"ARPP21"	"0.75"	"0.63"	"cAMP regulated phosphoprotein 21"	"1.9636E-7"	"Abnormality of the nervous system (00707)"	"2022"	"3"	"127"	"8"	"9"	"229"	"0"	""	""	""	"0.6"	"Disease or Syndrome (T047)"	"disease"	"A0A804HI65,A8K0T4,A8K1F3,Q9UBL0"	"C0002736"	"ENSG00000172995"	"10777"	"protein-coding"	"0"	"0"	"0"
"disease of anatomical entity (7)"	"Amyotrophic Lateral Sclerosis"	"Nervous System Diseases,Nutritional and Metabolic Diseases"	"1.0"	""	"2010"	"SPTLC2"	"0.67"	"0.62"	"serine palmitoyltransferase long chain base subunit 2"	"0.98293"	"Abnormality of the nervous system (00707)"	"2024"	"5"	"127"	"5"	"224"	"229"	"0"	"R-HSA-1430728"	"Metabolism"	"Enzyme"	"0.6"	"Disease or Syndrome (T047)"	"disease"	"O15270"	"C0002736"	"ENSG00000100596"	"9517"	"protein-coding"	"0"	"1"	"1"
"disease of anatomical entity (7)"	"Amyotrophic Lateral Sclerosis"	"Nervous System Diseases,Nutritional and Metabolic Diseases"	"1.0"	"Limited"	"2014"	"ERLIN1"	"0.58"	"0.67"	"ER lipid raft associated 1"	"0.043081"	"Abnormality of the nervous system (00707)"	"2018"	"4"	"127"	"2"	"41"	"229"	"0"	"R-HSA-1643685,R-HSA-382551"	"Disease,Transport of small molecules"	""	"0.6"	"Disease or Syndrome (T047)"	"disease"	"O75477"	"C0002736"	"ENSG00000107566"	"10613"	"protein-coding"	"0"	"0"	"0"
"disease of anatomical entity (7)"	"Amyotrophic Lateral Sclerosis"	"Nervous System Diseases,Nutritional and Metabolic Diseases"	"0.8571428571428571"	""	"1993"	"NIPA1"	"0.58"	"0.61"	"NIPA magnesium transporter 1"	"0.27238"	"Abnormality of the nervous system (00707)"	"2012"	"6"	"127"	"2"	"131"	"229"	"1"	"R-HSA-382551"	"Transport of small molecules"	"Transporter"	"0.6"	"Disease or Syndrome (T047)"	"disease"	"Q7RTP0,Q8TAY1"	"C0002736"	"ENSG00000170113"	"123606"	"protein-coding"	"0"	"0"	"0"
"disease of anatomical entity (7)"	"Amyotrophic Lateral Sclerosis"	"Nervous System Diseases,Nutritional and Metabolic Diseases"	"0.8333333333333334"	""	"1993"	"RNASE4"	"0.58"	"0.68"	"ribonuclease A family member 4"	"0.16246"	"Abnormality of the nervous system (00707)"	"2012"	"5"	"127"	"2"	"27"	"229"	"1"	""	""	""	"0.6"	"Disease or Syndrome (T047)"	"disease"	"P34096,Q53XB4"	"C0002736"	"ENSG00000258818"	"6038"	"protein-coding"	"0"	"0"	"0"
"disease of anatomical entity (7)"	"Amyotrophic Lateral Sclerosis"	"Nervous System Diseases,Nutritional and Metabolic Diseases"	"0.75"	""	"1993"	"DYNC1H1"	"0.75"	"0.53"	"dynein cytoplasmic 1 heavy chain 1"	"1.0"	"Abnormality of the nervous system (00707)"	"2012"	"69"	"127"	"2"	"882"	"229"	"1"	"R-HSA-162582,R-HSA-1640170,R-HSA-1643685,R-HSA-168256,R-HSA-1852241,R-HSA-392499,R-HSA-5653656,R-HSA-8953897,R-HSA-9612973"	"Signal Transduction,Cell Cycle,Disease,Immune System,Organelle biogenesis and maintenance,Metabolism of proteins,Vesicle-mediated transport,Cellular responses to stimuli,Autophagy"	"Enzyme"	"0.6"	"Disease or Syndrome (T047)"	"disease"	"Q14204"	"C0002736"	"ENSG00000197102"	"1778"	"protein-coding"	"0"	"0"	"0"
"disease of anatomical entity (7)"	"Amyotrophic Lateral Sclerosis"	"Nervous System Diseases,Nutritional and Metabolic Diseases"	"1.0"	""	"2007"	"TP53"	"0.88"	"0.26"	"tumor protein p53"	"0.99795"	"Abnormality of the nervous system (00707)"	"2007"	"244"	"127"	"1"	"1247"	"229"	"0"	""	""	"Transcription factor"	"0.6"	"Disease or Syndrome (T047)"	"disease"	"P04637,Q53GA5,K7PPA8,A0A087WT22,A0A087WXZ1,H2EHT1,A0A087X1Q1"	"C0002736"	"ENSG00000141510"	"7157"	"protein-coding"	"0"	"0"	"0"
"disease of anatomical entity (7)"	"Amyotrophic Lateral Sclerosis"	"Nervous System Diseases,Nutritional and Metabolic Diseases"	"0.75"	""	"2013"	"MFN2"	"0.88"	"0.46"	"mitofusin 2"	"5.4335E-4"	"Abnormality of the nervous system (00707)"	"2013"	"49"	"127"	"1"	"540"	"229"	"0"	"R-HSA-109582,R-HSA-162582,R-HSA-9612973"	"Hemostasis,Signal Transduction,Autophagy"	"Enzyme"	"0.6"	"Disease or Syndrome (T047)"	"disease"	"O95140"	"C0002736"	"ENSG00000116688"	"9927"	"protein-coding"	"0"	"0"	"0"
"disease of anatomical entity (7)"	"Amyotrophic Lateral Sclerosis"	"Nervous System Diseases,Nutritional and Metabolic Diseases"	"1.0"	""	"2006"	"GSR"	"0.92"	"0.45"	"glutathione-disulfide reductase"	"4.4346E-7"	"Abnormality of the nervous system (00707)"	"2006"	"15"	"127"	"1"	"12"	"229"	"0"	"R-HSA-8953897"	"Cellular responses to stimuli"	"Enzyme"	"0.6"	"Disease or Syndrome (T047)"	"disease"	"P00390,V9HW90"	"C0002736"	"ENSG00000104687"	"2936"	"protein-coding"	"0"	"1"	"1"
"disease of anatomical entity (7)"	"Amyotrophic Lateral Sclerosis"	"Nervous System Diseases,Nutritional and Metabolic Diseases"	"0.75"	""	"2006"	"GSTP1"	"0.92"	"0.38"	"glutathione S-transferase pi 1"	"7.9827E-8"	"Abnormality of the nervous system (00707)"	"2006"	"114"	"127"	"1"	"2"	"229"	"0"	"R-HSA-1430728,R-HSA-168256,R-HSA-8953897,R-HSA-9748784"	"Metabolism,Immune System,Cellular responses to stimuli,Drug ADME"	""	"0.6"	"Disease or Syndrome (T047)"	"disease"	"V9HWE9,P09211"	"C0002736"	"ENSG00000084207"	"2950"	"protein-coding"	"0"	"0"	"0"
"disease of anatomical entity (7)"	"Amyotrophic Lateral Sclerosis"	"Nervous System Diseases,Nutritional and Metabolic Diseases"	"1.0"	""	"2010"	"PON3"	"0.75"	"0.58"	"paraoxonase 3"	"1.1102E-12"	"Abnormality of the nervous system (00707)"	"2013"	"4"	"127"	"2"	"1"	"229"	"0"	"R-HSA-1430728,R-HSA-9748784"	"Metabolism,Drug ADME"	""	"0.55"	"Disease or Syndrome (T047)"	"disease"	"Q15166"	"C0002736"	"ENSG00000105852"	"5446"	"protein-coding"	"0"	"0"	"0"
"disease of anatomical entity (7)"	"Amyotrophic Lateral Sclerosis"	"Nervous System Diseases,Nutritional and Metabolic Diseases"	"1.0"	""	"2013"	"MFN1"	"0.88"	"0.56"	"mitofusin 1"	"3.559E-14"	"Abnormality of the nervous system (00707)"	"2013"	"7"	"127"	"1"	"4"	"229"	"0"	"R-HSA-109582,R-HSA-162582,R-HSA-9612973"	"Hemostasis,Signal Transduction,Autophagy"	"Enzyme"	"0.55"	"Disease or Syndrome (T047)"	"disease"	"Q8IWA4"	"C0002736"	"ENSG00000171109"	"55669"	"protein-coding"	"0"	"0"	"0"
"disease of anatomical entity (7)"	"Amyotrophic Lateral Sclerosis"	"Nervous System Diseases,Nutritional and Metabolic Diseases"	"1.0"	""	"2012"	"DBR1"	"0.63"	"0.7"	"debranching RNA lariats 1"	"6.8572E-5"	"Abnormality of the nervous system (00707)"	"2012"	"5"	"127"	"1"	"4"	"229"	"0"	""	""	"Enzyme"	"0.55"	"Disease or Syndrome (T047)"	"disease"	"Q9UK59"	"C0002736"	"ENSG00000138231"	"51163"	"protein-coding"	"0"	"0"	"0"
"disease of anatomical entity (7)"	"Amyotrophic Lateral Sclerosis"	"Nervous System Diseases,Nutritional and Metabolic Diseases"	"1.0"	""	"2023"	"NUP50"	"0.29"	"0.85"	"nucleoporin 50"	"0.16072"	"Abnormality of the nervous system (00707)"	"2023"	"1"	"127"	"1"	"18"	"229"	"0"	"R-HSA-1430728,R-HSA-1640170,R-HSA-1643685,R-HSA-168256,R-HSA-392499,R-HSA-74160,R-HSA-8953854,R-HSA-8953897"	"Metabolism,Cell Cycle,Disease,Immune System,Metabolism of proteins,Gene expression (Transcription),Metabolism of RNA,Cellular responses to stimuli"	""	"0.55"	"Disease or Syndrome (T047)"	"disease"	"Q9UKX7"	"C0002736"	"ENSG00000093000"	"10762"	"protein-coding"	"0"	"0"	"0"
"disease of anatomical entity (7)"	"Amyotrophic Lateral Sclerosis"	"Nervous System Diseases,Nutritional and Metabolic Diseases"	"1.0"	""	""	"TFAM"	"0.83"	"0.51"	"transcription factor A, mitochondrial"	"0.086114"	"Abnormality of the nervous system (00707)"	""	"14"	"127"	"0"	"2"	"229"	"0"	"R-HSA-1852241,R-HSA-392499,R-HSA-74160"	"Organelle biogenesis and maintenance,Metabolism of proteins,Gene expression (Transcription)"	""	"0.55"	"Disease or Syndrome (T047)"	"disease"	"E5KSU5,Q00059"	"C0002736"	"ENSG00000108064"	"7019"	"protein-coding"	"0"	"0"	"0"
"disease of anatomical entity (7)"	"Amyotrophic Lateral Sclerosis"	"Nervous System Diseases,Nutritional and Metabolic Diseases"	"1.0"	""	""	"GSK3A"	"0.83"	"0.56"	"glycogen synthase kinase 3 alpha"	"0.99894"	"Abnormality of the nervous system (00707)"	""	"8"	"127"	"0"	"3"	"229"	"0"	"R-HSA-162582,R-HSA-1643685,R-HSA-8953897"	"Signal Transduction,Disease,Cellular responses to stimuli"	"Kinase"	"0.55"	"Disease or Syndrome (T047)"	"disease"	"P49840"	"C0002736"	"ENSG00000105723"	"2931"	"protein-coding"	"0"	"2"	"1"
"disease of anatomical entity (7)"	"Amyotrophic Lateral Sclerosis"	"Nervous System Diseases,Nutritional and Metabolic Diseases"	"1.0"	""	"1993"	"ABCA7"	"0.75"	"0.57"	"ATP binding cassette subfamily A member 7"	"6.7681E-103"	"Abnormality of the nervous system (00707)"	"2012"	"7"	"127"	"2"	"28"	"229"	"0"	"R-HSA-382551"	"Transport of small molecules"	"Transporter"	"0.5"	"Disease or Syndrome (T047)"	"disease"	"Q8IZY2,B3KUJ3"	"C0002736"	"ENSG00000064687"	"10347"	"protein-coding"	"0"	"0"	"0"
"disease of anatomical entity (7)"	"Amyotrophic Lateral Sclerosis"	"Nervous System Diseases,Nutritional and Metabolic Diseases"	"1.0"	""	"1993"	"PNPLA6"	"0.88"	"0.53"	"patatin like phospholipase domain containing 6"	"9.8744E-25"	"Abnormality of the nervous system (00707)"	"2012"	"27"	"127"	"2"	"461"	"229"	"2"	"R-HSA-1430728"	"Metabolism"	"Enzyme"	"0.5"	"Disease or Syndrome (T047)"	"disease"	"A0A384DVU0,Q8IY17"	"C0002736"	"ENSG00000032444"	"10908"	"protein-coding"	"0"	"0"	"0"
"disease of anatomical entity (7)"	"Amyotrophic Lateral Sclerosis"	"Nervous System Diseases,Nutritional and Metabolic Diseases"	"1.0"	""	"1993"	"SOD1-DT"	"0.25"	"0.82"	"SOD1 divergent transcript"	""	"Abnormality of the nervous system (00707)"	"2012"	"2"	"127"	"2"	"0"	"229"	"0"	""	""	""	"0.5"	"Disease or Syndrome (T047)"	"disease"	""	"C0002736"	""	"102724449"	"ncRNA"	"0"	"0"	"0"
"disease of anatomical entity (7)"	"Amyotrophic Lateral Sclerosis"	"Nervous System Diseases,Nutritional and Metabolic Diseases"	"1.0"	""	"2016"	"MIR214"	"0.88"	"0.5"	"microRNA 214"	""	"Abnormality of the nervous system (00707)"	"2016"	"4"	"127"	"1"	"0"	"229"	"0"	""	""	""	"0.5"	"Disease or Syndrome (T047)"	"disease"	""	"C0002736"	"ENSG00000283844"	"406996"	"ncRNA"	"0"	"0"	"0"
"disease of anatomical entity (7)"	"Amyotrophic Lateral Sclerosis"	"Nervous System Diseases,Nutritional and Metabolic Diseases"	"0.5"	""	"2013"	"ESRRA"	"0.88"	"0.52"	"estrogen related receptor alpha"	"0.99348"	"Abnormality of the nervous system (00707)"	"2013"	"5"	"127"	"1"	"0"	"229"	"0"	"R-HSA-1430728,R-HSA-1852241,R-HSA-74160"	"Metabolism,Organelle biogenesis and maintenance,Gene expression (Transcription)"	"Nuclear receptor"	"0.5"	"Disease or Syndrome (T047)"	"disease"	"P11474,Q569H8"	"C0002736"	"ENSG00000173153"	"2101"	"protein-coding"	"0"	"0"	"0"
"disease of anatomical entity (7)"	"Amyotrophic Lateral Sclerosis"	"Nervous System Diseases,Nutritional and Metabolic Diseases"	"1.0"	""	"2016"	"MIR424"	"0.75"	"0.56"	"microRNA 424"	""	"Abnormality of the nervous system (00707)"	"2016"	"2"	"127"	"1"	"0"	"229"	"0"	""	""	""	"0.5"	"Disease or Syndrome (T047)"	"disease"	""	"C0002736"	"ENSG00000284231"	"494336"	"ncRNA"	"0"	"0"	"0"
"disease of anatomical entity (7)"	"Amyotrophic Lateral Sclerosis"	"Nervous System Diseases,Nutritional and Metabolic Diseases"	"1.0"	""	"2017"	"SMARCA4"	"0.88"	"0.42"	"SWI/SNF related BAF chromatin remodeling complex subunit ATPase 4"	"1.0"	"Abnormality of the nervous system (00707)"	"2017"	"41"	"127"	"1"	"1652"	"229"	"0"	"R-HSA-1266738,R-HSA-162582,R-HSA-168256,R-HSA-4839726,R-HSA-74160"	"Developmental Biology,Signal Transduction,Immune System,Chromatin organization,Gene expression (Transcription)"	"Epigenetic regulator"	"0.5"	"Disease or Syndrome (T047)"	"disease"	"Q9HBD4,B3KNW7,A7E2E1,P51532"	"C0002736"	"ENSG00000127616"	"6597"	"protein-coding"	"0"	"0"	"0"
"disease of anatomical entity (7)"	"Amyotrophic Lateral Sclerosis"	"Nervous System Diseases,Nutritional and Metabolic Diseases"	"1.0"	""	"2013"	"PPARGC1B"	"0.75"	"0.57"	"PPARG coactivator 1 beta"	"0.99973"	"Abnormality of the nervous system (00707)"	"2013"	"5"	"127"	"1"	"17"	"229"	"0"	"R-HSA-1266738,R-HSA-1430728,R-HSA-1852241,R-HSA-74160"	"Developmental Biology,Metabolism,Organelle biogenesis and maintenance,Gene expression (Transcription)"	"Transcription factor"	"0.5"	"Disease or Syndrome (T047)"	"disease"	"B7ZM40,Q86YN6"	"C0002736"	"ENSG00000155846"	"133522"	"protein-coding"	"0"	"0"	"0"
"disease of anatomical entity (7)"	"Amyotrophic Lateral Sclerosis"	"Nervous System Diseases,Nutritional and Metabolic Diseases"	"1.0"	""	"2013"	"CAMK1G"	"0.42"	"0.78"	"calcium/calmodulin dependent protein kinase IG"	"0.053614"	"Abnormality of the nervous system (00707)"	"2013"	"2"	"127"	"1"	"6"	"229"	"0"	""	""	"Kinase"	"0.5"	"Disease or Syndrome (T047)"	"disease"	"Q96NX5"	"C0002736"	"ENSG00000008118"	"57172"	"protein-coding"	"0"	"0"	"0"
"disease of anatomical entity (7)"	"Amyotrophic Lateral Sclerosis"	"Nervous System Diseases,Nutritional and Metabolic Diseases"	"1.0"	""	"2019"	"ERCC6L2"	"0.63"	"0.65"	"ERCC excision repair 6 like 2"	"2.3379E-13"	"Abnormality of the nervous system (00707)"	"2019"	"11"	"127"	"1"	"21"	"229"	"0"	""	""	""	"0.5"	"Disease or Syndrome (T047)"	"disease"	"Q5T890,A0AAQ5BIG0"	"C0002736"	"ENSG00000182150"	"375748"	"protein-coding"	"0"	"0"	"0"
"disease of anatomical entity (7)"	"Amyotrophic Lateral Sclerosis"	"Nervous System Diseases,Nutritional and Metabolic Diseases"	"1.0"	""	"2013"	"NRF1"	"0.88"	"0.55"	"nuclear respiratory factor 1"	"1.0"	"Abnormality of the nervous system (00707)"	"2013"	"3"	"127"	"1"	"3"	"229"	"0"	""	""	""	"0.5"	"Disease or Syndrome (T047)"	"disease"	"Q16656"	"C0002736"	"ENSG00000106459"	"4899"	"protein-coding"	"0"	"0"	"0"
"disease of anatomical entity (7)"	"Amyotrophic Lateral Sclerosis"	"Nervous System Diseases,Nutritional and Metabolic Diseases"	"1.0"	""	"2013"	"UBB"	"0.88"	"0.61"	"ubiquitin B"	"2.0729E-4"	"Abnormality of the nervous system (00707)"	"2013"	"1"	"127"	"1"	"0"	"229"	"0"	"R-HSA-1266738,R-HSA-1430728,R-HSA-162582,R-HSA-1640170,R-HSA-1643685,R-HSA-168256,R-HSA-382551,R-HSA-392499,R-HSA-400253,R-HSA-5357801,R-HSA-5653656,R-HSA-69306,R-HSA-73894,R-HSA-74160,R-HSA-8953854,R-HSA-8953897,R-HSA-9609507,R-HSA-9612973"	"Developmental Biology,Metabolism,Signal Transduction,Cell Cycle,Disease,Immune System,Transport of small molecules,Metabolism of proteins,Circadian Clock,Programmed Cell Death,Vesicle-mediated transport,DNA Replication,DNA Repair,Gene expression (Transcription),Metabolism of RNA,Cellular responses to stimuli,Protein localization,Autophagy"	"Nucleic acid binding"	"0.5"	"Disease or Syndrome (T047)"	"disease"	"P0CG47,Q5U5U6"	"C0002736"	"ENSG00000170315"	"7314"	"protein-coding"	"0"	"0"	"0"
"disease of anatomical entity (7)"	"Amyotrophic Lateral Sclerosis"	"Nervous System Diseases,Nutritional and Metabolic Diseases"	"1.0"	""	""	"SLC11A2"	"0.79"	"0.54"	"solute carrier family 11 member 2"	"8.431E-7"	"Abnormality of the nervous system (00707)"	""	"10"	"127"	"0"	"70"	"229"	"0"	""	""	"Transporter"	"0.5"	"Disease or Syndrome (T047)"	"disease"	"A0A0X8GKR4,P49281"	"C0002736"	"ENSG00000110911"	"4891"	"protein-coding"	"0"	"0"	"0"
"disease of anatomical entity (7)"	"Amyotrophic Lateral Sclerosis"	"Nervous System Diseases,Nutritional and Metabolic Diseases"	"1.0"	""	""	"CCS"	"0.83"	"0.61"	"copper chaperone for superoxide dismutase"	"8.8164E-9"	"Abnormality of the nervous system (00707)"	""	"5"	"127"	"0"	"2"	"229"	"0"	"R-HSA-8953897"	"Cellular responses to stimuli"	"Enzyme"	"0.5"	"Disease or Syndrome (T047)"	"disease"	"O14618"	"C0002736"	"ENSG00000173992"	"9973"	"protein-coding"	"0"	"0"	"0"
"disease of anatomical entity (7)"	"Amyotrophic Lateral Sclerosis"	"Nervous System Diseases,Nutritional and Metabolic Diseases"	"1.0"	""	"2010"	"CD40LG"	"0.92"	"0.39"	"CD40 ligand"	""	"Abnormality of the nervous system (00707)"	"2010"	"31"	"127"	"1"	"83"	"229"	"0"	"R-HSA-168256"	"Immune System"	"Signaling"	"0.45"	"Disease or Syndrome (T047)"	"disease"	"P29965"	"C0002736"	"ENSG00000102245"	"959"	"protein-coding"	"0"	"0"	"0"
"disease of anatomical entity (7)"	"Amyotrophic Lateral Sclerosis"	"Nervous System Diseases,Nutritional and Metabolic Diseases"	"1.0"	""	""	"TXNRD1"	"0.88"	"0.53"	"thioredoxin reductase 1"	"9.4713E-12"	"Abnormality of the nervous system (00707)"	""	"12"	"127"	"0"	"4"	"229"	"0"	""	""	"Enzyme"	"0.45"	"Disease or Syndrome (T047)"	"disease"	"B7Z2S5,Q16881"	"C0002736"	"ENSG00000198431"	"7296"	"protein-coding"	"0"	"0"	"0"
"disease of anatomical entity (7)"	"Amyotrophic Lateral Sclerosis"	"Nervous System Diseases,Nutritional and Metabolic Diseases"	"1.0"	""	"1993"	"TROAP-AS1"	"0.33"	"0.78"	"TROAP and PRPH antisense RNA 1"	""	"Abnormality of the nervous system (00707)"	"2012"	"3"	"127"	"2"	"10"	"229"	"1"	""	""	""	"0.4"	"Disease or Syndrome (T047)"	"disease"	""	"C0002736"	"ENSG00000258334"	"101927267"	"ncRNA"	"0"	"0"	"0"
"disease of anatomical entity (7)"	"Amyotrophic Lateral Sclerosis"	"Nervous System Diseases,Nutritional and Metabolic Diseases"	"1.0"	""	"1993"	"LOC108903148"	"0.17"	"0.83"	"10p13 OPTN distal Alu-mediated recombination region"	""	"Abnormality of the nervous system (00707)"	"2012"	"7"	"127"	"2"	"0"	"229"	"0"	""	""	""	"0.4"	"Disease or Syndrome (T047)"	"disease"	""	"C0002736"	""	"108903148"	"biological-region"	"0"	"0"	"0"
"disease of anatomical entity (7)"	"Amyotrophic Lateral Sclerosis"	"Nervous System Diseases,Nutritional and Metabolic Diseases"	"1.0"	""	"1993"	"DDX20"	"0.54"	"0.68"	"DEAD-box helicase 20"	"4.9193E-16"	"Abnormality of the nervous system (00707)"	"2012"	"1"	"127"	"2"	"3"	"229"	"1"	"R-HSA-1643685,R-HSA-8953854"	"Disease,Metabolism of RNA"	""	"0.4"	"Disease or Syndrome (T047)"	"disease"	"Q9UHI6,Q9H4N4"	"C0002736"	"ENSG00000064703"	"11218"	"protein-coding"	"0"	"0"	"0"
"disease of anatomical entity (7)"	"Amyotrophic Lateral Sclerosis"	"Nervous System Diseases,Nutritional and Metabolic Diseases"	"1.0"	""	"1993"	"LOC130056709"	"0.17"	"0.85"	"ATAC-STARR-seq lymphoblastoid silent region 6259"	""	"Abnormality of the nervous system (00707)"	"2012"	"5"	"127"	"2"	"0"	"229"	"0"	""	""	""	"0.4"	"Disease or Syndrome (T047)"	"disease"	""	"C0002736"	""	"130056709"	"biological-region"	"0"	"0"	"0"
"disease of anatomical entity (7)"	"Amyotrophic Lateral Sclerosis"	"Nervous System Diseases,Nutritional and Metabolic Diseases"	"1.0"	""	"1993"	"CHRNA4"	"0.67"	"0.54"	"cholinergic receptor nicotinic alpha 4 subunit"	"5.5303E-6"	"Abnormality of the nervous system (00707)"	"2012"	"25"	"127"	"2"	"264"	"229"	"1"	"R-HSA-112316"	"Neuronal System"	"Ion channel"	"0.4"	"Disease or Syndrome (T047)"	"disease"	"P43681,Q59FV0,B4DK78,Q4VAQ3"	"C0002736"	"ENSG00000101204"	"1137"	"protein-coding"	"0"	"0"	"0"
"disease of anatomical entity (7)"	"Amyotrophic Lateral Sclerosis"	"Nervous System Diseases,Nutritional and Metabolic Diseases"	"1.0"	""	"1993"	"CHRNB4"	"0.63"	"0.58"	"cholinergic receptor nicotinic beta 4 subunit"	"2.368E-4"	"Abnormality of the nervous system (00707)"	"2012"	"19"	"127"	"2"	"26"	"229"	"1"	"R-HSA-112316,R-HSA-168256"	"Neuronal System,Immune System"	"Ion channel"	"0.4"	"Disease or Syndrome (T047)"	"disease"	"P30926"	"C0002736"	"ENSG00000117971"	"1143"	"protein-coding"	"0"	"0"	"0"
"disease of anatomical entity (7)"	"Amyotrophic Lateral Sclerosis"	"Nervous System Diseases,Nutritional and Metabolic Diseases"	"1.0"	""	"1993"	"KANK1"	"0.88"	"0.58"	"KN motif and ankyrin repeat domains 1"	"6.9954E-34"	"Abnormality of the nervous system (00707)"	"2012"	"9"	"127"	"2"	"77"	"229"	"1"	""	""	""	"0.4"	"Disease or Syndrome (T047)"	"disease"	"Q14678"	"C0002736"	"ENSG00000107104"	"23189"	"protein-coding"	"0"	"0"	"0"
"disease of anatomical entity (7)"	"Amyotrophic Lateral Sclerosis"	"Nervous System Diseases,Nutritional and Metabolic Diseases"	"1.0"	""	"1993"	"CAPN14"	"0.42"	"0.78"	"calpain 14"	"4.4205E-26"	"Abnormality of the nervous system (00707)"	"2012"	"2"	"127"	"2"	"7"	"229"	"1"	"R-HSA-1474244"	"Extracellular matrix organization"	"Enzyme"	"0.4"	"Disease or Syndrome (T047)"	"disease"	"B7Z467,A8MX76"	"C0002736"	"ENSG00000214711"	"440854"	"protein-coding"	"0"	"0"	"0"
"disease of anatomical entity (7)"	"Amyotrophic Lateral Sclerosis"	"Nervous System Diseases,Nutritional and Metabolic Diseases"	"1.0"	""	"1993"	"LOC101929270"	"0.17"	"0.87"	"uncharacterized LOC101929270"	""	"Abnormality of the nervous system (00707)"	"2012"	"4"	"127"	"2"	"37"	"229"	"2"	""	""	""	"0.4"	"Disease or Syndrome (T047)"	"disease"	""	"C0002736"	"ENSG00000228395"	"101929270"	"ncRNA"	"0"	"0"	"0"
"disease of anatomical entity (7)"	"Amyotrophic Lateral Sclerosis"	"Nervous System Diseases,Nutritional and Metabolic Diseases"	"1.0"	""	"1993"	"LOC126860782"	"0.13"	"0.9"	"P300/CBP strongly-dependent group 1 enhancer GRCh37_chr9:135144739-135145938"	""	"Abnormality of the nervous system (00707)"	"2012"	"3"	"127"	"2"	"0"	"229"	"0"	""	""	""	"0.4"	"Disease or Syndrome (T047)"	"disease"	""	"C0002736"	""	"126860782"	"biological-region"	"0"	"0"	"0"
"disease of anatomical entity (7)"	"Amyotrophic Lateral Sclerosis"	"Nervous System Diseases,Nutritional and Metabolic Diseases"	"1.0"	""	"1993"	"LOC105371050"	"0.08"	"0.94"	"uncharacterized LOC105371050"	""	"Abnormality of the nervous system (00707)"	"2012"	"2"	"127"	"2"	"6"	"229"	"1"	""	""	""	"0.4"	"Disease or Syndrome (T047)"	"disease"	""	"C0002736"	""	"105371050"	"ncRNA"	"0"	"0"	"0"
"disease of anatomical entity (7)"	"Amyotrophic Lateral Sclerosis"	"Nervous System Diseases,Nutritional and Metabolic Diseases"	"1.0"	""	"1993"	"EGILA"	"0.29"	"0.81"	"EGFR interacting lncRNA"	""	"Abnormality of the nervous system (00707)"	"2012"	"4"	"127"	"2"	"21"	"229"	"1"	""	""	""	"0.4"	"Disease or Syndrome (T047)"	"disease"	""	"C0002736"	"ENSG00000258451"	"116435281"	"ncRNA"	"0"	"0"	"0"
"disease of anatomical entity (7)"	"Amyotrophic Lateral Sclerosis"	"Nervous System Diseases,Nutritional and Metabolic Diseases"	"1.0"	""	"1993"	"LOC130008791"	"0.13"	"0.87"	"ATAC-STARR-seq lymphoblastoid silent region 4872"	""	"Abnormality of the nervous system (00707)"	"2012"	"4"	"127"	"2"	"0"	"229"	"0"	""	""	""	"0.4"	"Disease or Syndrome (T047)"	"disease"	""	"C0002736"	""	"130008791"	"biological-region"	"0"	"0"	"0"
"disease of anatomical entity (7)"	"Amyotrophic Lateral Sclerosis"	"Nervous System Diseases,Nutritional and Metabolic Diseases"	"1.0"	""	"2017"	"ACTL6B"	"0.63"	"0.61"	"actin like 6B"	"9.3659E-13"	"Abnormality of the nervous system (00707)"	"2017"	"9"	"127"	"1"	"33"	"229"	"0"	"R-HSA-4839726,R-HSA-74160"	"Chromatin organization,Gene expression (Transcription)"	"Cellular structure"	"0.4"	"Disease or Syndrome (T047)"	"disease"	"O94805"	"C0002736"	"ENSG00000077080"	"51412"	"protein-coding"	"0"	"0"	"0"
"disease of anatomical entity (7)"	"Amyotrophic Lateral Sclerosis"	"Nervous System Diseases,Nutritional and Metabolic Diseases"	"1.0"	""	"2013"	"MIR455"	"0.67"	"0.63"	"microRNA 455"	""	"Abnormality of the nervous system (00707)"	"2013"	"4"	"127"	"1"	"2"	"229"	"0"	""	""	""	"0.4"	"Disease or Syndrome (T047)"	"disease"	""	"C0002736"	"ENSG00000207726"	"619556"	"ncRNA"	"0"	"0"	"0"
"disease of anatomical entity (7)"	"Amyotrophic Lateral Sclerosis"	"Nervous System Diseases,Nutritional and Metabolic Diseases"	"1.0"	"Limited"	"2019"	"LGALSL"	"0.29"	"0.78"	"galectin like"	"0.0010885"	"Abnormality of the nervous system (00707)"	"2019"	"1"	"127"	"1"	"0"	"229"	"0"	""	""	"Signaling"	"0.4"	"Disease or Syndrome (T047)"	"disease"	"Q3ZCW2"	"C0002736"	"ENSG00000119862"	"29094"	"protein-coding"	"0"	"0"	"0"
"disease of anatomical entity (7)"	"Amyotrophic Lateral Sclerosis"	"Nervous System Diseases,Nutritional and Metabolic Diseases"	"1.0"	""	"2010"	"SLC6A1"	"0.79"	"0.54"	"solute carrier family 6 member 1"	"1.0"	"Abnormality of the nervous system (00707)"	"2010"	"14"	"127"	"1"	"206"	"229"	"0"	"R-HSA-112316,R-HSA-382551"	"Neuronal System,Transport of small molecules"	"Transporter"	"0.4"	"Disease or Syndrome (T047)"	"disease"	"B7Z3C5,A0A2R8Y4I3,P30531"	"C0002736"	"ENSG00000157103"	"6529"	"protein-coding"	"0"	"0"	"0"
"disease of anatomical entity (7)"	"Amyotrophic Lateral Sclerosis"	"Nervous System Diseases,Nutritional and Metabolic Diseases"	""	""	""	"LOC129935420"	"0.08"	"1.0"	"ATAC-STARR-seq lymphoblastoid active region 16993"	""	"Abnormality of the nervous system (00707)"	""	"1"	"127"	"0"	"0"	"229"	"0"	""	""	""	"0.4"	"Disease or Syndrome (T047)"	"disease"	""	"C0002736"	""	"129935420"	"biological-region"	"0"	"0"	"0"
"disease of anatomical entity (7)"	"Amyotrophic Lateral Sclerosis"	"Nervous System Diseases,Nutritional and Metabolic Diseases"	""	""	""	"LOC130066253"	"0.08"	"0.87"	"ATAC-STARR-seq lymphoblastoid silent region 13072"	""	"Abnormality of the nervous system (00707)"	""	"4"	"127"	"0"	"0"	"229"	"0"	""	""	""	"0.4"	"Disease or Syndrome (T047)"	"disease"	""	"C0002736"	""	"130066253"	"biological-region"	"0"	"0"	"0"
